見出し,URL
参院選「1票の格差」で一斉提訴,https://news.yahoo.co.jp/pickup/6546442
松本元死刑囚次男 アレフ主導認定,https://news.yahoo.co.jp/pickup/6546447
富山で住宅火災2人死亡 1人不明,https://news.yahoo.co.jp/pickup/6546446
最多得票落選は佐々木氏 57万票,https://news.yahoo.co.jp/pickup/6546432
約50kgのドーベルマン逃走 千葉,https://news.yahoo.co.jp/pickup/6546448
大谷35号 初回被弾の自分を援護,https://news.yahoo.co.jp/pickup/6546449
選抜王者・横浜 9回2死から逆転,https://news.yahoo.co.jp/pickup/6546455
はんにゃ.金田が結婚 川島は離婚,https://news.yahoo.co.jp/pickup/6546456
はんにゃ.金田が結婚 川島は離婚,https://news.yahoo.co.jp/pickup/6546456
